created_at;name;avatar;sex;active
2023-09-04 21:58:17 +0700;Douglass Feest;https://robohash.org/facilisdoloremquevoluptas.png?size=300x300&set=set1;Male;false
2023-09-04 16:24:54 +0700;Vince Schimmel;https://robohash.org/fugitearepudiandae.png?size=300x300&set=set1;Female;false
2023-09-04 20:01:37 +0700;Monnie Kerluke;https://robohash.org/molestiaevoluptateminima.png?size=300x300&set=set1;Female;false
2023-09-05 10:58:58 +0700;James Schuppe;https://robohash.org/consequunturdebitisvelit.png?size=300x300&set=set1;Female;false
2023-09-05 01:33:01 +0700;Annett Bahringer;https://robohash.org/quamestvoluptatem.png?size=300x300&set=set1;Female;true
2023-09-05 09:13:55 +0700;Treva Bernier;https://robohash.org/eosinciduntqui.png?size=300x300&set=set1;Male;false
2023-09-05 09:56:08 +0700;Virgilio Collins;https://robohash.org/remautet.png?size=300x300&set=set1;Female;true
2023-09-04 19:36:30 +0700;Lonny Rempel;https://robohash.org/eaqueprovidentrem.png?size=300x300&set=set1;Female;true
2023-09-05 04:27:03 +0700;Hugo Tromp III;https://robohash.org/etdoloressunt.png?size=300x300&set=set1;Male;false
2023-09-05 12:01:47 +0700;Demetrius Greenfelder;https://robohash.org/utsitnulla.png?size=300x300&set=set1;Female;false
